{"cameraMode":{"drawMode":0,"name":"Shaded","section":"Shading Mode"},"sceneLighting":false,"audioPlay":false,"sceneViewState":{"showFog":true,"showMaterialUpdate":false,"showSkybox":true,"showFlares":true,"showImageEffects":true,"showParticleSystems":true},"in2DMode":false,"pivot":{"x":229.17510986328126,"y":934.5010375976563,"z":-327.1335144042969},"rotation":{"x":-0.26541629433631899,"y":0.7338346838951111,"z":0.46110036969184878,"w":0.422406405210495},"size":268.6005554199219,"orthographic":false}