{"cameraMode":{"drawMode":0,"name":"Shaded","section":"Shading Mode"},"sceneLighting":false,"audioPlay":false,"sceneViewState":{"showFog":true,"showMaterialUpdate":false,"showSkybox":true,"showFlares":true,"showImageEffects":true,"showParticleSystems":true},"in2DMode":false,"pivot":{"x":1.833211064338684,"y":3.2259483337402345,"z":163.8406982421875},"rotation":{"x":-0.17432187497615815,"y":-0.05580528825521469,"z":0.009892670437693596,"w":-0.9830766916275024},"size":24.62879753112793,"orthographic":false}