{"cameraMode":{"drawMode":0,"name":"Shaded","section":"Shading Mode"},"sceneLighting":false,"audioPlay":false,"sceneViewState":{"showFog":true,"showMaterialUpdate":false,"showSkybox":true,"showFlares":true,"showImageEffects":true,"showParticleSystems":true},"in2DMode":false,"pivot":{"x":42.15032958984375,"y":14.161163330078125,"z":101.21209716796875},"rotation":{"x":0.1333322525024414,"y":-0.507131814956665,"z":0.07976066321134567,"w":0.8477495312690735},"size":16.35127830505371,"orthographic":false}