{"cameraMode":{"drawMode":0,"name":"Shaded","section":"Shading Mode"},"sceneLighting":false,"audioPlay":false,"sceneViewState":{"showFog":true,"showMaterialUpdate":false,"showSkybox":true,"showFlares":true,"showImageEffects":true,"showParticleSystems":true},"in2DMode":false,"pivot":{"x":-248.81155395507813,"y":-211.30726623535157,"z":125.68020629882813},"rotation":{"x":-0.6080781817436218,"y":0.18340905010700227,"z":-0.14716361463069917,"w":-0.7583235502243042},"size":396.1550598144531,"orthographic":false}